# To give due honour to those who have made Perl 5 what it is today,
# here are easily-from-changelogs-extractable people and their
# (hopefully) current and preferred email addresses from the commits.
# These people have either submitted patches or suggestions, or their bug
# reports or comments have inspired the appropriate patches.  Corrections,
# additions, deletions welcome; send them as a pull request to
# https://github.com/Perl/perl5, or to perl5-porters@perl.org, preferably
# as the output of diff(1), diff -u or diff -c between the original and a
# corrected version of this file.
#
# The use of this database for anything else than Perl development
# is strictly forbidden.  (Passive distribution with the Perl source
# code kit is, of course, allowed.)
#
# This file contains the "canonical" or "preferred" details for our
# contributors, and is managed by the Porting/updateAUTHORS.pl script,
# along with .mailmap and Porting/exclude_contrib.txt. Generally you
# should use the script to make any changes to this file, especially if
# you wish to remove yourself. If you wish to register a new email
# against one of these names you should update the .mailmap file
# instead.
-- 
A. C. Yardley                  <yardley@tanet.net>
A. Sinan Unur                  <nanis@cpan.org>
Aaron B. Dossett               <aaron@iglou.com>
Aaron Crane                    <arc@cpan.org>
Aaron J. Mackey                <ajm6q@virginia.edu>
Aaron Kaplan
Aaron Priven                   <aaron@priven.com>
Aaron Trevena                  <aaaron.trevena@gmail.com>
Abe Timmerman                  <abe@ztreet.demon.nl>
Abhijit Menon-Sen              <ams@toroid.org>
Abigail                        <abigail@abigail.be>
Abir Viqar                     <abiviq@hushmail.com>
Achim Bohnet                   <ach@mpe.mpg.de>
Achim Gratz                    <achim.gratz@stromeko.de>
Adam Flott                     <adam@npjh.com>
Adam Hartley                   @bytesguy
Adam Kennedy                   <adam@ali.as>
Adam Krolnik                   <adamk@gypsy.cyrix.com>
Adam Milner                    <carmiac@nmt.edu>
Adam Russell                   <arussell@cs.uml.edu>
Adam Spiers
Adrian M. Enache               <enache@rdslink.ro>
Adriano Ferreira               <a.r.ferreira@gmail.com>
Akim Demaille                  <akim@epita.fr>
Alain Barbet                   <alian@cpan.org>
Alan Burlison                  <alan.burlison@sun.com>
Alan Champion                  <achampio@lehman.com>
Alan Ferrency                  <alan@pair.com>
Alan Grover                    <awgrover@gmail.com>
Alan Grow                      <agrow@thegotonerd.com>
Alan Haggai Alavi              <haggai@cpan.org>
Alan Harder                    <Alan.Harder@Ebay.Sun.COM>
Alan Hourihane                 <alanh@fairlite.co.uk>
Alan Modra
Alastair Douglas               <alastair.douglas@gmail.com>
Albert Chin-A-Young            <china@thewrittenword.com>
Albert Dvornik                 <bert@alum.mit.edu>
Alberto Simões                 <ambs@cpan.org>
Alessandro Forghieri           <alf@orion.it>
Alex                           <aleksandrosansan@gmail.com>
Alex Davies                    <alex.davies501@gmail.com>
Alex Gough                     <alex@rcon.org>
Alex Solovey                   <a.solovey@gmail.com>
Alex Vandiver                  <alexmv@mit.edu>
Alex Waugh                     <alex@alexwaugh.com>
Alexander Alekseev             <alex@alemate.ru>
Alexander Bluhm                <alexander_bluhm@genua.de>
Alexander D'Archangel          <darksuji@gmail.com>
Alexander Foken
Alexander Gernler              <alexander_gernler@genua.de>
Alexander Gough                <alex-p5p@earth.li>
Alexander Hartmaier            <abraxxa@cpan.org>
Alexander Klimov               <ask@wisdom.weizmann.ac.il>
Alexander Nikolov              <sasho648@gmail.com>
Alexander Smishlajev           <als@turnhere.com>
Alexander Voronov              <alexander-voronov@yandex.ru>
Alexandr Ciornii               <alexchorny@gmail.com>
Alexandr Savca                 <alexandr.savca89@gmail.com>
Alexandre (Midnite) Jousset    <mid@gtmp.org>
Alexei Alexandrov              <alexei.alexandrov@gmail.com>
Alexey Borzenkov               <snaury@gmail.com>
Alexey Mahotkin                <alexm@netli.com>
Alexey Toptygin                <alexeyt@freeshell.org>
Alexey Tourbin                 <at@altlinux.ru>
Alexey V. Barantsev            <barancev@kazbek.ispras.ru>
Ali Polatel                    <alip@exherbo.org>
Allen Smith                    <allens@cpan.org>
Alyssa Ross                    <hi@alyssa.is>
Ambrose Kofi Laing
Ammon Riley                    <ammon@rhythm.com>
Ananth Kesari                  <HYanantha@novell.com>
Anatoly Vorobey
Anders Johnson                 <ajohnson@nvidia.com>
Andreas Guðmundsson            <andreasg@nasarde.org>
Andreas Karrer                 <karrer@ife.ee.ethz.ch>
Andreas Klussmann              <andreas@infosys.heitec.de>
Andreas König                  <a.koenig@mind.de>
Andreas Marienborg             <andreas.marienborg@gmail.com>
Andreas Schwab                 <schwab@suse.de>
Andreas Voegele                <andreas@andreasvoegele.com>
Andrei Yelistratov             <andrew@sundale.net>
Andrej Borsenkow               <Andrej.Borsenkow@mow.siemens.ru>
Andrew Bettison                <andrewb@zip.com.au>
Andrew Burt                    <aburt@isis.cs.du.edu>
Andrew Cohen                   <cohen@andy.bu.edu>
andrew deryabin                <djsf@technarchy.ru>
Andrew Fresh                   <afresh1@openbsd.org>
Andrew Hamm                    <AHamm@civica.com.au>
Andrew M. Langmead             <aml@world.std.com>
Andrew Pimlott                 <pimlott@idiomtech.com>
Andrew Rodland                 <arodland@cpan.org>
Andrew Ruthven                 <andrew@etc.gen.nz>
Andrew Savige                  <ajsavige@yahoo.com.au>
Andrew Tam                     <andrewtam000@gmail.com>
Andrew Vignaux                 <ajv@nz.sangacorp.com>
Andrew Wilcox                  <awilcox@maine.com>
Andrey Sapozhnikov             <sapa@icb.chel.su>
Andy Armstrong                 <andy@hexten.net>
Andy Broad                     <andy@broad.ology.org.uk>
Andy Bussey                    <andybussey@yahoo.co.uk>
Andy Dougherty                 <doughera@lafayette.edu>
Andy Lester                    <andy@petdance.com>
Andy Wardley
Anno Siegel                    <anno4000@lublin.zrz.tu-berlin.de>
Anthony David                  <adavid@netinfo.com.au>
Anthony Heading                <anthony@ajrh.net>
Anton Berezin                  <tobez@tobez.org>
Anton Nikishaev                <me@lelf.lu>
Anton Tagunov                  <tagunov@motor.ru>
Archer Sully                   <archer@meer.net>
Aristotle Pagaltzis            <pagaltzis@gmx.de>
Arjen Laarhoven                <arjen@nl.demon.net>
Arkturuz                       <arkturuz@gmail.com>
Arne Ahrend                    <aahrend@web.de>
Arne Johannessen               <ajnn@cpan.org>
Arnold D. Robbins              <arnold@gnu.ai.mit.edu>
Art Green                      <Art_Green@mercmarine.com>
Art Haas                       <ahaas@airmail.net>
Arthur Axel 'fREW' Schmidt     <frioux@gmail.com>
Artiom Morozov                 <artiom@phreaker.net>
Artur Bergman                  <artur@contiller.se>
Arvan                          <apritchard@zeus.com>
Ash Berlin                     <ash@cpan.org>
Asher Mancinelli               <asher.mancinelli@pnnl.gov>
Ask Bjørn Hansen               <ask@develooper.com>
Atsushi Sugawara               <peanutsjamjam@gmail.com>
Audrey Tang                    <cpan@audreyt.org>
Augustina Blair                <auggy@cpan.org>
Axel Boldt
Axel Kollmorgen
B. Bucklan                     <bbucklan@jpl-devvax.jpl.nasa.gov>
Bah                            <bah@longitude.com>
Barrie Slaymaker               <barries@slaysys.com>
Barry Friedman
Bart Kedryna                   <bkedryna@home.com>
Bart Van Assche                <bvanassche@acm.org>
Bartosz Jarzyna                <bbrtj.pro@gmail.com>
Bas van Sisseren               <bas@quarantainenet.nl>
Beau Cox
Ben Carter                     <bcarter@gumdrop.flyinganvil.org>
Ben Cornett                    <ben@lantern.is>
Ben Hengst                     <notbenh@cpan.org>
Ben Morrow                     <ben@morrow.me.uk>
Ben Okopnik                    <ben@linuxgazette.net>
Ben Tilly                      <ben_tilly@operamail.com>
Benjamin Goldberg              <goldbb2@earthlink.net>
Benjamin Holzman               <bah@ecnvantage.com>
Benjamin Low                   <b.d.low@unsw.edu.au>
Benjamin Smith                 <bsmith@cabbage.org.uk>
Benjamin Stuhl                 <sho_pi@hotmail.com>
Benjamin Sugars                <bsugars@canoe.ca>
Bernard Quatermass             <bernard@quatermass.co.uk>
Bernd                          <bekuno@sags-per-mail.de>
Bernhard M. Wiedemann          <bwiedemann@suse.de>
Bharanee Rathna
Bilbo                          <bilbo@ua.fm>
Bill Campbell                  <bill@celestial.com>
Bill Glicker                   <billg@burrelles.com>
Billy Constantine              <wdconsta@cs.adelaide.edu.au>
Biswapriyo Nath                <nathbappai@gmail.com>
Blair Zajac                    <blair@orcaware.com>
Bo Borgerson                   <gigabo@gmail.com>
Bo Johansson                   <bo.johansso@lsn.se>
Bo Lindbergh                   <blgl@stacken.kth.se>
Bob                            <bob@starlabs.net>
Bob Dalgleish                  <Robert.Dalgleish@sk.sympatico.ca>
Bob Ernst                      <bobernst@cpan.org>
Bob Wilkinson                  <bob@fourtheye.org>
Boris Ratner                   <ratner2@gmail.com>
Boris Zentner                  <bzm@2bz.de>
Boyd Gerber                    <gerberb@zenez.com>
Brad Appleton                  <bradapp@enteract.com>
Brad Barden                    <b@os13.org>
Brad Baxter
Brad Gilbert                   <b2gills@gmail.com>
Brad Howerter                  <bhower@wgc.woodward.com>
Brad Hughes                    <brad@tgsmc.com>
Brad Lanam                     <bll@gentoo.com>
Bradley Dean                   <bjdean@bjdean.id.au>
Bram                           <perl-rt@wizbit.be>
Brandon Black                  <blblack@gmail.com>
Branislav Zahradník            <barney@cpan.org>
Brendan Byrd                   <BBYRD@CPAN.org>
Brendan O'Dea                  <bod@debian.org>
Breno G. de Oliveira           <garu@cpan.org>
Brent B. Powers                <powers@ml.com>
Brent Dax                      <brentdax@cpan.org>
Brian Callaghan                <callagh@itginc.com>
Brian Carlson                  <brian.carlson@cpanel.net>
Brian Childs                   <brian@rentec.com>
Brian Clarke                   <clarke@appliedmeta.com>
brian d foy                    <brian.d.foy@gmail.com>
Brian Fraser                   <fraserbn@gmail.com>
Brian Gottreu                  <gottreu@gmail.com>
Brian Greenfield               <briang@cpan.org>
Brian Grossman
Brian Harrison                 <brie@corp.home.net>
Brian Jepson                   <bjepson@oreilly.com>
Brian Katzung
Brian McCauley                 <nobull@mail.com>
Brian Phillips                 <bphillips@cpan.org>
Brian Reichert                 <reichert@internet.com>
Brian S. Cashman               <bsc@umich.edu>
Brian Strand                   <bstrand@switchmanagement.com>
Brooks D. Boyd
Bruce Barnett                  <barnett@grymoire.crd.ge.com>
Bruce Gray                     <bruce.gray@acm.org>
Bruce J. Keeler                <bkeelerx@iwa.dp.intel.com>
Bruce P. Schuck                <bruce@aps.org>
Bryan Stenson                  <bryan@siliconvortex.com>
Bud Huff                       <BAHUFF@us.oracle.com>
Byron Brummer                  <byron@omix.com>
C Aditya                       <caditya@novell.com>
Calle Dybedahl                 <calle@lysator.liu.se>
Campo Weijerman                <rfc822@nl.ibm.com>
Carl Eklof                     <CEklof@endeca.com>
Carl Hayter                    <hayter@usc.edu>
Carl M. Fongheiser             <cmf@ins.infonet.net>
Carl Witty                     <cwitty@newtonlabs.com>
Cary D. Renzema                <caryr@mxim.com>
Casey R. Tweten                <crt@kiski.net>
Casey West                     <casey@geeknest.com>
Castor Fu
Chad Granum                    <chad.granum@dreamhost.com>
Chaim Frenkel                  <chaimf@pobox.com>
Charles Bailey                 <bailey@newman.upenn.edu>
Charles F. Randall             <crandall@free.click-n-call.com>
Charles Lane                   <lane@DUPHY4.Physics.Drexel.Edu>
Charles Randall                <cfriv@yahoo.com>
Charles Wilson                 <cwilson@ece.gatech.edu>
Charlie Gonzalez               <itcharlie@gmail.com>
Chas. Owens                    <chas.owens@gmail.com>
Chase Whitener                 <cwhitener@gmail.com>
Chaskiel M Grundman
Chia-liang Kao                 <clkao@clkao.org>
Chip Salzenberg                <chip@pobox.com>
Chip Turner                    <cturner@redhat.com>
chocolateboy                   <chocolateboy@chocolatey.com>
Chris 'BinGOs' Williams        <chris@bingosnet.co.uk>
Chris Ball                     <chris@cpan.org>
Chris Bongaarts                <cab@tc.umn.edu>
Chris Dolan                    <chris@chrisdolan.net>
Chris Faylor                   <cgf@bbc.com>
Chris Heath                    <chris@heathens.co.nz>
Chris Lamb                     <lamby@debian.org>
Chris Lightfoot                <chris@ex-parrot.com>
Chris Nandor                   <pudge@pobox.com>
Chris Pepper
Chris R. Donnelly              <chris.donnelly@vauto.com>
Chris Travers                  <chris.travers@gmail.com>
Chris Tubutis                  <chris@broadband.att.com>
Chris Wick                     <cwick@lmc.com>
Chris Williams                 <chrisw@netinfo.com.au>
Christian Burger               <burger@terra.mpikg-teltow.mpg.de>
Christian Hansen               <chansen@cpan.org>
Christian Kirsch               <ck@held.mind.de>
Christian Millour              <cm.perl@abtela.com>
Christian Walde (Mithaldu)     <walde.christian@gmail.com>
Christian Winter               <bitpoet@linux-config.de>
Christoph Lamprecht            <ch.l.ngre@online.de>
Christophe Grosjean            <christophe.grosjean@gmail.com>
Christopher Chan-Nui           <channui@austin.ibm.com>
Christopher Chavez             <chrischavez@gmx.us>
Christopher Davis              <ckd@loiosh.kei.com>
Christopher J. Madsen          <perl@cjmweb.net>
Christopher Yeleighton         <ne01026@shark.2a.pl>
chromatic                      <chromatic@wgz.org>
Chuck Phillips                 <perl@cadop.com>
Chun Bing Ge                   <gecb@cn.ibm.com>
Chunhui Teng                   <cteng@nortel.ca>
Claes Jacobsson                <claes@surfar.nu>
Clark Cooper                   <coopercc@netheaven.com>
Claudio Ramirez                <nxadm@cpan.org>
Clemens Wasser                 <clemens.wasser@gmail.com>
Clinton A. Pierce              <clintp@geeksalad.org>
Clinton Gormley
Colin Kuskie                   <ckuskie@cadence.com>
Colin McMillen                 <mcmi0073@tc.umn.edu>
Colin Meyer                    <cmeyer@helvella.org>
Colin Newell                   <colin.newell@gmail.com>
Colin Watson                   <colinw@zeus.com>
Conrad Augustin
Conrad E. Kimball              <cek@tblv021.ca.boeing.com>
Craig A. Berry                 <craigberry@mac.com>
Craig DeForest                 <zowie@euterpe.boulder.swri.edu>
Craig Milo Rogers              <Rogers@ISI.EDU>
cuishuang                      <imcusg@gmail.com>
Curtis Jewell                  <perl@csjewell.fastmail.us>
Curtis Poe                     <ovid@cpan.org>
Cygwin                         <cygwin@cygwin.com>
Dabrien 'Dabe' Murphy          <dabe@dabe.com>
Dagfinn Ilmari Mannsåker       <ilmari@ilmari.org>
Dale Amon                      <amon@vnl.com>
Damian Conway                  <damian@conway.org>
Damon Atkins                   <Damon.Atkins@nabaus.com.au>
Dan Book                       <grinnz@grinnz.com>
Dan Boorstein                  <dan_boo@bellsouth.net>
Dan Brook                      <dbrook@easyspace.com>
Dan Collins                    <dcollinsn@gmail.com>
Dan Dascalescu                 <bigbang7@gmail.com>
Dan Dedrick                    <ddedrick@lexmark.com>
Dan Faigin
Dan Hale                       <danhale@us.ibm.com>
Dan Jacobson                   <jidanni@jidanni.org>
Dan Kogai                      <dankogai@dan.co.jp>
Dan Schmidt                    <dfan@harmonixmusic.com>
Dan Sugalski                   <dan@sidhe.org>
Daniel Berger                  <djberg86@attbi.com>
Daniel Böhmer                  <post@daniel-boehmer.de>
Daniel Chetlin                 <daniel@chetlin.com>
Daniel Dragan                  <bulk88@hotmail.com>
Daniel Frederick Crisman       <daniel@crisman.org>
Daniel Grisinger               <dgris@dimensional.com>
Daniel Kahn Gillmor            <dkg@fifthhorseman.net>
Daniel Laügt                   <daniel.laugt@gmail.com>
Daniel Lieberman               <daniel@bitpusher.com>
Daniel M. Quinlan
Daniel Muiño                   <dmuino@afip.gov.ar>
Daniel P. Berrange             <dan@berrange.com>
Daniel Perrett                 <perrettdl@googlemail.com>
Daniel S. Lewart               <lewart@uiuc.edu>
Daniel Yacob                   <perl@geez.org>
danielnachun                   <daniel.nachun@gmail.com>
Danny R. Faught                <faught@mailhost.rsn.hp.com>
Danny Rathjens
Danny Sadinoff                 <danny-cpan@sadinoff.com>
Darin McBride                  <dmcbride@cpan.org>
Darrell Kindred                <dkindred+@cmu.edu>
Darrell Schiebel               <drs@nrao.edu>
Darren/Torin/Who Ever...       <torin@daft.com>
Dave Bailey
Dave Bianchi
Dave Cross                     <dave@mag-sol.com>
Dave Hartnoll                  <Dave_Hartnoll@3b2.com>
Dave Lambley                   <dave@lambley.me.uk>
Dave Liney                     <dave.liney@gbr.conoco.com>
Dave Nelson                    <David.Nelson@bellcow.com>
Dave Paris
Dave Rolsky                    <autarch@urth.org>
Dave Schweisguth               <dcs@neutron.chem.yale.edu>
Dave Shariff Yadallee          <doctor@doctor.nl2k.ab.ca>
David                          <david@dhaller.de>
David Billinghurst             <David.Billinghurst@riotinto.com.au>
David Caldwell                 <david@porkrind.org>
David Campbell
David Cannings                 <lists@edeca.net>
David Cantrell                 <david@cantrell.org.uk>
David Couture
David D. Kilzer                <ddkilzer@lubricants-oil.com>
David Denholm                  <denholm@conmat.phys.soton.ac.uk>
David Dick
David Dyck                     <david.dyck@fluke.com>
David F. Haertig               <dfh@dwroll.lucent.com>
David Favor                    <david@davidfavor.com>
David Feldman                  <david.feldman@tudor.com>
David Fifield                  <david@bamsoftware.com>
David Filo
David Formosa                  <dformosa@dformosa.zeta.org.au>
David Gay                      <dgay@acm.org>
David Glasser                  <me@davidglasser.net>
David Golden                   <xdg@xdg.me>
David H. Adler                 <dha@panix.com>
David H. Gutteridge            <dhgutteridge@sympatico.ca>
David Hammen                   <hammen@gothamcity.jsc.nasa.gov>
David J. Fiander               <davidf@mks.com>
David Kerry                    <davidk@tor.securecomputing.com>
David Landgren                 <david@landgren.net>
David Leadbeater               <dgl@dgl.cx>
David M. Syzdek                <david@syzdek.net>
David Manura                   <dm.list@math2.org>
David Marshall                 <dmarshall@gmail.com>
David McLean                   <davem@icc.gsfc.nasa.gov>
David Mitchell                 <davem@iabyn.nospamdeletethisbit.com>
David Muir Sharnoff            <muir@idiom.com>
David Nicol                    <whatever@davidnicol.com>
David R. Favor                 <dfavor@austin.ibm.com>
David Sparks                   <daves@ca.sophos.com>
David Starks-Browning          <dstarks@rc.tudelft.nl>
David Steinbrunner             <dsteinbrunner@pobox.com>
David Sundstrom                <sunds@asictest.sc.ti.com>
David Wheeler                  <david@justatheory.com>
Davin Milun                    <milun@cs.Buffalo.EDU>
Dean Roehrich                  <roehrich@cray.com>
Dee Newcum                     <perl.org@paperlined.org>
deekoo                         <deekoo@tentacle.net>
Dennis Kaarsemaker             <dennis@kaarsemaker.net>
Dennis Marsa                   <dennism@cyrix.com>
Devin Heitmueller              <devin.heitmueller@gmail.com>
DH                             <crazyinsomniac@yahoo.com>
Diab Jerius                    <dj@head-cfa.harvard.edu>
dLux                           <dlux@spam.sch.bme.hu>
Dmitri Tikhonov                <dmitri@cpan.org>
Dmitry Karasik                 <dk@tetsuo.karasik.eu.org>
Dmitry Ulanov                  <zprogd@gmail.com>
Dominic Dunlop                 <domo@computer.org>
Dominic Hamon                  <dma+github@stripysock.com>
Dominic Hargreaves             <dom@earth.li>
Dominique Dumont               <Dominique_Dumont@grenoble.hp.com>
Dominique Quatravaux
Doug Bell                      <madcityzen@gmail.com>
Doug Campbell                  <soup@ampersand.com>
Doug MacEachern                <dougm@covalent.net>
Douglas Christopher Wilson     <doug@somethingdoug.com>
Douglas E. Wegscheid           <dwegscheid@qtm.net>
Douglas Lankshear              <doug@lankshear.net>
Douglas Wilson                 <dougw@cpan.org>
Dov Grobgeld                   <dov@Orbotech.Co.IL>
Dr.Ruud                        <rvtol+news@isolution.nl>
Drago Goricanec                <drago@raptor.otsd.ts.fujitsu.co.jp>
Drew Stephens                  <drewgstephens@gmail.com>
Duke Leto                      <jonathan@leto.net>
Duncan Findlay                 <duncf@debian.org>
E. Choroba                     <choroba@cpan.org>
Earl Hood
Ed Avis                        <eda@waniasset.com>
Ed J                           <etj@cpan.org>
Ed Mooring                     <mooring@Lynx.COM>
Ed Sabol                       <esabol@users.noreply.github.com>
Ed Santiago                    <esm@pobox.com>
Eddy Tan                       <eddy.net@gmail.com>
Edgar Bering                   <trizor@gmail.com>
Edmund Bacon
Edward Avis                    <ed@membled.com>
Edward Moy                     <emoy@apple.com>
Edward Peschko                 <edwardp@excitehome.net>
Elaine -HFB- Ashton            <elaine@chaos.wustl.edu>
Elizabeth Mattijsen            <liz@dijkmat.nl>
Elvin Aslanov                  <rwp.primary@gmail.com>
Enrico Sorcinelli              <bepi@perl.it>
Eric Amick
Eric Arnold                    <eric.arnold@sun.com>
Eric Bartley                   <bartley@icd.cc.purdue.edu>
Eric Brine                     <ikegami@adaelis.com>
Eric E. Coe                    <Eric.Coe@oracle.com>
Eric Fifer                     <egf7@columbia.edu>
Eric Herman                    <eric@freesa.org>
Eric Melville
Eric Promislow                 <ericp@ActiveState.com>
Erich Rickheit
Erik                           <erik@cs.uni-jena.de>
Eryq                           <eryq@zeegee.com>
Etienne Grossman               <etienne@isr.isr.ist.utl.pt>
Eugen Konkov                   <kes-kes@yandex.ru>
Eugene Alterman                <Eugene.Alterman@bremer-inc.com>
Eugene Alvin Villar            <seav80@gmail.com>
Evan Miller                    <eam@frap.net>
Evan Zacks                     <zackse@cpan.org>
Fabien Tassin                  <tassin@eerie.fr>
Father Chrysostomos            <sprout@cpan.org>
Felipe Gasper                  <felipe@felipegasper.com>
Felix Gallo                    <fgallo@etoys.com>
Ferenc Erki                    <ferki@cpan.org>
Fergal Daly                    <fergal@esatclear.ie>
Fingle Nark                    <finglenark@gmail.com>
Firas Khalil Khana             <firasuke@gmail.com>
Florent Guillaume
Florian Ragwitz                <rafl@debian.org>
Florian Weimer                 <fweimer@redhat.com>
Frank Crawford
Frank Ridderbusch              <Frank.Ridderbusch@pdb.siemens.de>
Frank Tobin                    <ftobin@uiuc.edu>
Frank Wiegand                  <frank.wiegand@gmail.com>
Franklin Chen                  <chen@adi.com>
Franz Fasching                 <perldev@drfasching.com>
François Désarménien           <desar@club-internet.fr>
François Perrad                <francois.perrad@gadz.org>
Frederic Briere                <fbriere@fbriere.net>
Fréderic Chauveau              <fmc@pasteur.fr>
Fyodor Krasnov                 <fyodor@aha.ru>
G. Del Merritt                 <del@intranetics.com>
Gabe Schaffer
Gabor Szabo                    <szabgab@gmail.com>
Garry T. Williams              <garry@zvolve.com>
Gary Clark                     <GaryC@mail.jeld-wen.com>
Gary L. Armstrong
Gary Ng                        <71564.1743@compuserve.com>
Gavin Shelley                  <columbusmonkey@me.com>
Gene Sullivan                  <genesullivan50@yahoo.com>
Geoffrey F. Green              <geoff-public@stuebegreen.com>
Geoffrey T. Dairiki            <dairiki@dairiki.org>
Georg Schwarz                  <geos@epost.de>
George Greer                   <perl@greerga.m-l.org>
George Hartzell                <georgewh@gene.com>
George Necula                  <necula@eecs.berkeley.edu>
Geraint A Edwards              <gedge@serf.org>
Gerard Goossen                 <gerard@ggoossen.net>
Gerben Wierda                  <G.C.Th.Wierda@AWT.nl>
Gerd Knops                     <gerti@BITart.com>
Gerrit P. Haase                <gp@familiehaase.de>
Gideon Israel Dsouza           <gideon@cpan.org>
Giles Lean                     <giles@nemeton.com.au>
Giovanni Tataranni             <gtataranni@users.noreply.github.com>
Gisle Aas                      <gisle@aas.no>
Glenn D. Golden                <gdg@zplane.com>
Glenn Linderman                <perl@nevcal.com>
Gomar                          <gomar@md.media-web.de>
Gordon J. Miller               <gjm@cray.com>
Gordon Lack                    <gml4410@ggr.co.uk>
Goro Fuji                      <gfuji@cpan.org>
Grace Lee                      <grace@hal.com>
Graham Barr                    <gbarr@pobox.com>
Graham Knop                    <haarg@haarg.org>
Graham Ollis                   <plicease@cpan.org>
Graham TerMarsch               <graham@howlingfrog.com>
Grant McLean                   <grantm@cpan.org>
Greg Bacon                     <gbacon@itsc.uah.edu>
Greg Chapman                   <glc@well.com>
Greg Earle
Greg Kuperberg
Greg Matheson                  <lang@ms.chinmin.edu.tw>
Greg Seibert                   <seibert@Lynx.COM>
Greg Ward                      <gward@ase.com>
Gregor Chrupala                <gregor.chrupala@star-group.net>
gregor herrmann                <gregoa@debian.org>
Gregory Martin Pfeil           <pfeilgm@technomadic.org>
Guenter Schmidt                <gsc@bruker.de>
Guido Flohr                    <guido@imperia.net>
Guruprasad S                   <SGURUPRASAD@novell.com>
Gurusamy Sarathy               <gsar@cpan.org>
Gustaf Neumann
Guy Decoux                     <decoux@moulon.inra.fr>
Gwyn Judd                      <b.judd@xtra.co.nz>
H.J. Lu                        <hjl@nynexst.com>
H.Merijn Brand                 <h.m.brand@xs4all.nl>
Hal Morris                     <hom00@utsglobal.com>
Hal Pomeranz                   <pomeranz@netcom.com>
Hallvard B Furuseth            <h.b.furuseth@usit.uio.no>
Hannu Napari                   <Hannu.Napari@hut.fi>
Hans de Graaff                 <J.J.deGraaff@twi.tudelft.nl>
Hans Dieter Pearcey            <hdp@pobox.com>
Hans Ginzel                    <hans@kolej.mff.cuni.cz>
Hans Mulder                    <hansmu@xs4all.nl>
Hans Ranke                     <Hans.Ranke@ei.tum.de>
Harald Jörg                    <Harald.Joerg@arcor.de>
Harmen                         <harm@dds.nl>
Harmon S. Nine                 <hnine@netarx.com>
Harri Pasanen                  <harri.pasanen@trema.com>
Harry Edmon                    <harry@atmos.washington.edu>
Hauke D                        <haukex@zero-g.net>
Heiko Eissfeldt                <heiko.eissfeldt@hexco.de>
Helmut Jarausch                <jarausch@numa1.igpm.rwth-aachen.de>
Henrik Tougaard                <ht.000@foa.dk>
Herbert Breunung               <lichtkind@cpan.org>
Hernan Perez Masci             <hmasci@uolsinectis.com.ar>
Hershel Walters                <walters@smd4d.wes.army.mil>
Hiroo Hayashi                  <hiroo.hayashi@computer.org>
Hojung Youn                    <amoc.yn@gmail.com>
Holger Bechtold
Hongwen Qiu                    <qiuhongwen@gmail.com>
Horst von Brand                <vonbrand@sleipnir.valparaiso.cl>
Hrunting Johnson
Hubert Feyrer                  <hubert.feyrer@informatik.fh-regensburg.de>
Hugo van der Sanden            <hv@crypt.org>
Hunter Kelly                   <retnuh@zule.pixar.com>
Huw Rogers                     <count0@gremlin.straylight.co.jp>
Håkon Hægland                  <hakon.hagland@gmail.com>
Iain Truskett
Ian Goodacre                   <ian.goodacre@xtra.co.nz>
Ian Maloney                    <ian.malonet@ubs.com>
Ian Phillipps                  <Ian.Phillipps@iname.com>
Ichinose Shogo                 <shogo82148@gmail.com>
Ignasi Roca Carrió             <ignasi.roca@fujitsu-siemens.com>
Igor Sutton                    <izut@cpan.org>
Igor Zaytsev                   <igor.zaytsev@gmail.com>
Ilmari Karonen                 <iltzu@sci.fi>
Ilya Martynov                  <ilya@martynov.org>
Ilya N. Golubev                <gin@mo.msk.ru>
Ilya Sandler                   <Ilya.Sandler@etak.com>
Ilya Sashcheka                 <sas4eka@gmail.com>
Ilya Zakharevich               <ilya@math.berkeley.edu>
Inaba Hiroto                   <inaba@st.rim.or.jp>
Indy Singh                     <indy@nusphere.com>
Ingo Weinhold                  <ingo_weinhold@gmx.de>
Ingy döt Net                   <ingy@ttul.org>
insecure                       <insecure@mail.od.ua>
Irving Reid                    <irving@tor.securecomputing.com>
Ivan Baidakou                  <the.dmol@yandex.by>
Ivan Kurmanov                  <kurmanov@openlib.org>
Ivan Panchenko                 <39594356+ivan-pan@users.noreply.github.com>
Ivan Pozdeev                   <vano@mail.mipt.ru>
Ivan Tubert-Brohman            <itub@cpan.org>
J. David Blackstone            <jdb@dfwnet.sbms.sbc.com>
J. Nick Koston                 <nick@cpanel.net>
J. van Krieken                 <John.van.Krieken@ATComputing.nl>
Jacinta Richardson             <jarich@perltraining.com.au>
Jack Shirazi                   <JackS@GemStone.com>
Jacques Germishuys             <jacquesg@striata.com>
Jacqui Caren                   <Jacqui.Caren@ig.co.uk>
Jae Bradley                    <jae.b.bradley@gmail.com>
Jake Hamby                     <jehamby@lightside.com>
Jakub Wilk                     <jwilk@jwilk.net>
James                          <james@rf.net>
James A. Duncan                <jduncan@fotango.com>
James Bence
James Clarke                   <jrtc27@jrtc27.com>
James E Keenan                 <jkeenan@cpan.org>
James FitzGibbon               <james@ican.net>
James Jurach                   <muaddib@erf.net>
James Mastros                  <james@mastros.biz>
James McCoy                    <vega.james@gmail.com>
James Raspass                  <jraspass@gmail.com>
Jamshid Afshar
Jan D.                         <jan.djarv@mbox200.swipnet.se>
Jan Dubois                     <jan@jandubois.com>
Jan Pazdziora                  <adelton@fi.muni.cz>
Jan Starzynski                 <jan@planet.de>
Jan-Erik Karlsson              <trg@privat.utfors.se>
Jan-Pieter Cornet              <johnpc@xs4all.nl>
Jared Rhine                    <jared@organic.com>
Jari Aalto                     <jari.aalto@poboxes.com>
Jarkko Hietaniemi              <jhi@iki.fi>
Jasmine Ahuja                  <jasmine.ahuja11@gmail.com>
Jasmine Ngan                   <jasmine.ngan@outlook.com>
Jason A. Smith                 <smithj4@rpi.edu>
Jason E. Stewart               <jason@openinformatics.com>
Jason McIntosh                 <jmac@jmac.org>
Jason Shirk
Jason Stewart                  <jasons@cs.unm.edu>
Jason Varsoke                  <jjv@caesun10.msd.ray.com>
Jason Vas Dias
Jay Hannah                     <jhannah@mutationgrid.com>
Jay Rogers                     <jay@rgrs.com>
JD Laub                        <jdl@access-health.com>
Jeff Bouis
Jeff McDougal                  <jmcdo@cris.com>
Jeff Okamoto                   <okamoto@corp.hp.com>
Jeff Pinyan                    <japhy@pobox.com>
Jeff Siegal                    <jbs@eddie.mit.edu>
Jeff Urlwin                    <jurlwin@access.digex.net>
Jeffrey Friedl                 <jfriedl@regex.info>
Jeffrey S. Haemer              <jsh@woodcock.boulder.qms.com>
Jens Hamisch                   <jens@Strawberry.COM>
Jens Stavnstrup                <js@ddre.dk>
Jens T. Berger Thielemann      <jensthi@ifi.uio.no>
Jens Thomsen                   <jens@fiend.cis.com>
Jens-Uwe Mager                 <jum@helios.de>
Jeremy D. Zawodny              <jeremy@zawodny.com>
Jeremy H. Brown                <jhbrown@ai.mit.edu>
Jeremy Madea                   <jmadea@inktomi.com>
Jerome Abela                   <abela@hsc.fr>
Jerome Duval                   <jerome.duval@gmail.com>
Jerrad Pierce                  <belg4mit@MIT.EDU>
Jerry D. Hedden                <jdhedden@cpan.org>
Jess Robinson                  <castaway@desert-island.me.uk>
Jesse Glick                    <jesse@sig.bsh.com>
Jesse Luehrs                   <doy@tozt.net>
Jesse Vincent                  <jesse@fsck.com>
Jesús Quiroga                  <jquiroga@pobox.com>
Jilles Tjoelker                <jilles@stack.nl>
Jim Anderson                   <jander@ml.com>
Jim Avera                      <avera@hal.com>
Jim Balter
Jim Cromie                     <jcromie@cpan.org>
Jim Meyering                   <meyering@asic.sc.ti.com>
Jim Miner                      <jfm@winternet.com>
Jim Richardson
Jim Schneider                  <james.schneider@db.com>
Jirka Hruška                   <jirka@fud.cz>
jkahrman                       <jkahrman@users.noreply.github.com>
JMS                            <jms@mathras.comcast.net>
Joachim Huober
Joaquin Ferrero                <explorer@joaquinferrero.com>
Jochen Wiedmann                <joe@ispsoft.de>
Jody Belka                     <dev-perl@pimb.org>
Joe Buehler                    <jbuehler@hekimian.com>
Joe McMahon                    <mcmahon@ibiblio.org>
Joe Orton                      <jorton@redhat.com>
Joe Schaefer                   <joe+perl@sunstarsys.com>
Joe Smith                      <jsmith@inwap.com>
Joel Berger                    <joel.a.berger@gmail.com>
Joel Rosi-Schwartz             <j.schwartz@agonet.it>
Joerg Porath                   <Joerg.Porath@informatik.tu-chemnitz.de>
Joergen Haegg
Johan Holtman
Johan Vromans                  <jvromans@squirrel.nl>
Johann 'Myrkraverk' Oskarsson  <johann@myrkraverk.com>
Johann Klasek                  <jk@auto.tuwien.ac.at>
Johannes Plunien               <plu@pqpq.de>
John Bley                      <jbb6@acpub.duke.edu>
John Borwick                   <jhborwic@unity.ncsu.edu>
John Cerney                    <j-cerney1@ti.com>
John D Groenveld               <groenvel@cse.psu.edu>
John E. Malmberg               <wb8tyw@qsl.net>
John Gardiner Myers            <jgmyers@proofpoint.com>
John Goodyear                  <johngood@us.ibm.com>
John Hasstedt                  <John.Hasstedt@sunysb.edu>
John Hawkinson                 <jhawk@mit.edu>
John Heidemann                 <johnh@isi.edu>
John Holdsworth                <coldwave@bigfoot.com>
John Hughes                    <john@AtlanTech.COM>
John Karr                      <brainbuz@brainbuz.org>
John Kristian                  <jmk2001@engineer.com>
John L. Allen                  <allen@grumman.com>
John Lightsey                  <jd@cpanel.net>
John Macdonald                 <jmm@revenge.elegant.com>
John Malmberg                  <wb8tyw@gmail.com>
John Nolan                     <jpnolan@Op.Net>
John P. Linderman              <jpl.jpl@gmail.com>
John Paul Adrian Glaubitz      <glaubitz@physik.fu-berlin.de>
John Peacock                   <jpeacock@messagesystems.com>
John Pfuntner                  <pfuntner@vnet.ibm.com>
John Poltorak                  <jp@eyup.org>
John Q. Linux                  <jql@accessone.com>
John Redford                   <jmr@whirlwind.fmr.com>
John Rowe
John Salinas                   <jsalinas@cray.com>
John SJ Anderson               <genehack@genehack.org>
John Stoffel                   <jfs@fluent.com>
John Stumbles                  <jstumbles@bluearc.com>
John Tobey                     <jtobey@john-edwin-tobey.org>
John W. Krahn
John Wright                    <john@johnwright.org>
Johnny Lam                     <jlam@jgrind.org>
Jon Eveland                    <jweveland@yahoo.com>
Jon Gentle                     <atrodo@atrodo.org>
Jon Gunnip                     <jongunnip@hotmail.com>
Jon Orwant                     <orwant@oreilly.com>
Jonathan Biggar                <jon@sems.com>
Jonathan D Johnston            <jdjohnston2@juno.com>
Jonathan Fine                  <jfine@borders.com>
Jonathan Hudson                <jonathan.hudson@jrhudson.demon.co.uk>
Jonathan I. Kamens             <jik@kamens.brookline.ma.us>
Jonathan Roy                   <roy@idle.com>
Jonathan Steinert
Jonathan Stowe                 <jns@integration-house.com>
Joost van Baal                 <J.E.vanBaal@uvt.nl>
Jos I. Boumans                 <kane@dwim.org>
Jose Auguste-Etienne           <Jose.auguste-etienne@cgss-guyane.fr>
Joseph N. Hall                 <joseph@cscaper.com>
Joseph S. Myers                <jsm28@hermes.cam.ac.uk>
Joshua ben Jore                <jjore@cpan.org>
Joshua Juran                   <jjuran@gmail.com>
Joshua Pritikin                <joshua@paloalto.com>
Joshua Rodd                    <joshua@rodd.us>
José Pedro Oliveira            <jpo@di.uminho.pt>
JT McDuffie                    <jt@kpc.com>
Juan Gallego                   <Little.Boss@physics.mcgill.ca>
Juerd Waalboer                 <#####@juerd.nl>
Juha Laiho                     <juha.laiho@Elma.Net>
Julian Yip                     <julian@imoney.com>
juna                           <ggl.20.jj...@spamgourmet.com>
Jungshik Shin                  <jshin@mailaps.org>
Justin Banks                   <justinb@cray.com>
Justin Case
Jörg Walter                    <jwalt@cpan.org>
Ka-Ping Yee                    <kpyee@aw.sgi.com>
kafka                          <kafka@madrognon.net>
Kang-min Liu                   <gugod@gugod.org>
Kaoru Maeda                    <maeda@src.ricoh.co.jp>
Karen Etheridge                <ether@cpan.org>
Karl Glazebrook                <kgb@aaossz.aao.GOV.AU>
Karl Heuer                     <kwzh@gnu.org>
Karl Simon Berg                <karl@it.kth.se>
Karl Williamson                <khw@cpan.org>
Karsten Sperling               <spiff@phreax.net>
Karthik Rajagopalan            <rajagopa@pauline.schrodinger.com>
Kaveh Ghazi                    <ghazi@caip.rutgers.edu>
KAWAI Takanori                 <GCD00051@nifty.ne.jp>
Kay Röpke                      <kroepke@dolphin-services.de>
Keedi Kim                      <keedi@cpan.org>
Keith Neufeld                  <neufeld@fast.pvi.org>
Keith Thompson                 <Keith.S.Thompson@gmail.com>
Ken Brown                      <kbrown@cornell.edu>
Ken Cotterill                  <kencotterill@netspace.net.au>
Ken Estes                      <estes@ms.com>
Ken Fox                        <kfox@ford.com>
Ken Hirsch                     <kenhirsch@ftml.net>
Ken MacLeod                    <ken@bitsko.slc.ut.us>
Ken Neighbors
Ken Shan                       <ken@digitas.harvard.edu>
Ken Williams                   <ken@mathforum.org>
Kenichi Ishigaki               <ishigaki@cpan.org>
Kenneth Albanowski             <kjahds@kjahds.com>
Kenneth Duda                   <kjd@cisco.com>
Kenneth Ölwing                 <knth@cpan.org>
Kent Fredric                   <kentfredric@gmail.com>
Keong Lim                      <Keong.Lim@sr.com.au>
Kevin Brintnall                <kbrint@rufus.net>
Kevin Chase                    <kevincha99@hotmail.com>
kevin dawson                   <bowtie@cpan.org>
Kevin Falcone                  <falcone@bestpractical.com>
Kevin J. Woolley               <kjw@pathillogical.com>
Kevin O'Gorman                 <kevin.kosman@nrc.com>
Kevin Ruscoe                   <Kevin.Ruscoe@ubsw.com>
Kevin Ryde                     <user42@zip.com.au>
Kevin White                    <klwhite@magnus.acs.ohio-state.edu>
Kim Frutiger
Kingpin                        <mthurn@copper.dulles.tasc.com>
Kirrily Robert                 <skud@infotrope.net>
Kiyotaka Sakai                 <ksakai@netwk.ntt-at.co.jp>
kmx                            <kmx@volny.cz>
Kragen Sitaker                 <kragen@pobox.com>
Krishna Sethuraman             <krishna@sgi.com>
Kriton Kyrimis                 <kyrimis@princeton.edu>
Kurt D. Starsinic              <kstar@wolfetech.com>
Kurt Fitzner                   <kurt@va1der.ca>
Kyriakos Georgiou
Lajos Veres                    <vlajos@gmail.com>
Larry Parmelee                 <parmelee@CS.Cornell.EDU>
Larry Schuler
Larry Schwimmer                <rosebud@cyclone.Stanford.EDU>
Larry Shatzer                  <fugazi@zyx.net>
Larry W. Virden                <lvirden@cas.org>
Larry Wall                     <larry@wall.org>
Lars Dɪᴇᴄᴋᴏᴡ 迪拉斯               <daxim@cpan.org>
Lars Hecking                   <lhecking@nmrc.ucc.ie>
Larwan Berke                   <apocal@cpan.org>
Laszlo Molnar                  <laszlo.molnar@eth.ericsson.se>
Laurent Dami                   <dami@cpan.org>
Leam Hall                      <leamhall@gmail.com>
Leif Huhn                      <leif@hale.dkstat.com>
Len Johnson                    <lenjay@ibm.net>
Len Weisberg
Leo Lapworth                   <leo@cuckoo.org>
Leon Brocard                   <acme@astray.com>
Leon Timmermans                <fawaka@gmail.com>
Les Peters                     <lpeters@aol.net>
Lesley Binks                   <lesley.binks@gmail.com>
Li Linjie                      <lilinjie@uniontech.com>
Lincoln D. Stein               <lstein@cshl.org>
Linda Walsh
Lionel Cons                    <lionel.cons@cern.ch>
Loren Merritt                  <pengvado@videolan.org>
Louis Strous                   <louis.strous@gmail.com>
Lubomir Rintel                 <lkundrak@v3.sk>
Luc St-Louis                   <luc.st-louis@ca.transport.bombardier.com>
Luca Fini
Lucas Holt                     <luke@foolishgames.com>
Ludovic E. R. Tolhurst-Cleaver <camel@ltcdev.com>
Lukas Mai                      <l.mai@web.de>
Luke Closs                     <lukec@cpan.org>
Luke Ross                      <lukeross@gmail.com>
Lupe Christoph                 <lupe@lupe-christoph.de>
Luther Huffman                 <lutherh@stratcom.com>
Magnus Woldrich                <m@japh.se>
Maik Hentsche                  <maik@mm-double.de>
Major Sébastien                <sebastien.major@crdp.ac-caen.fr>
Makoto MATSUSHITA              <matusita@ics.es.osaka-u.ac.jp>
Malcolm Beattie                <mbeattie@sable.ox.ac.uk>
Manuel Mausz                   <manuel@mausz.at>
Manuel Valente                 <mvalente@idealx.com>
Marc Green                     <marcgreen@cpan.org>
Marc Lehmann                   <pcg@goof.com>
Marc Paquette                  <Marc.Paquette@Softimage.COM>
Marc Reisner                   <reisner.marc@gmail.com>
Marc Simpson                   <marc@0branch.com>
Marc-Philip Werner             <marc-philip.werner@sap.com>
Marcel Grünauer                <marcel@codewerk.com>
Marcel Telka                   <marcel@telka.sk>
Marco Fontani                  <MFONTANI@cpan.org>
Marco Peereboom                <marco@conformal.com>
Marcus Holland-Moritz          <mhx-perl@gmx.net>
Marek Rouchal                  <marek.rouchal@infineon.com>
Mark A Biggar                  <mab@wdl.loral.com>
Mark A. Hershberger            <mah@everybody.org>
Mark A. Stratman               <stratman@gmail.com>
Mark Aufflick                  <mark@aufflick.com>
Mark Bixby                     <mark@bixby.org>
Mark Dickinson                 <dickins3@fas.harvard.edu>
Mark Dootson                   <mdootson@cpan.org>
Mark Fowler                    <mark@twoshortplanks.com>
Mark Hanson
Mark J. Reed                   <mreed@strange.turner.com>
Mark Jason Dominus             <mjd@pobox.com>
Mark K Trettin                 <mkt@lucent.com>
Mark Kaehny                    <kaehny@execpc.com>
Mark Kettenis                  <kettenis@wins.uva.nl>
Mark Klein                     <mklein@dis.com>
Mark Knutsen                   <knutsen@pilot.njin.net>
Mark Kvale                     <kvale@phy.ucsf.edu>
Mark Leighton Fisher           <markleightonfisher@gmail.com>
Mark Mielke                    <mark@mark.mielke.cc>
Mark Murray                    <mark@grondar.za>
Mark Overmeer                  <mark@overmeer.net>
Mark P. Lutz                   <mark.p.lutz@boeing.com>
Mark Pease                     <peasem@primenet.com>
Mark Pizzolato                 <mark@infocomm.com>
Mark R. Levinson               <mrl@isc.upenn.edu>
Mark Shelor                    <mshelor@cpan.org>
Mark Stosberg                  <mark@summersault.com>
Marko Asplund                  <aspa@merlot.kronodoc.fi>
Markus Jansen                  <Markus.Jansen@ericsson.com>
Marnix van Ammers              <marnix@gmail.com>
Martien Verbruggen             <mgjv@comdyn.com.au>
Martijn Koster                 <mak@excitecorp.com>
Martijn Lievaart               <m@rtij.nl>
Martin Becker
Martin Hasch                   <mhasch@cpan.org>
Martin Husemann                <martin@duskware.de>
Martin J. Bligh                <mbligh@us.ibm.com>
Martin Jost                    <Martin.Jost@icn.siemens.de>
Martin Lichtin                 <lichtin@bivio.com>
Martin McGrath                 <mcgrath.martin@gmail.com>
Martin Plechsmid               <plechsmi@karlin.mff.cuni.cz>
Martin Pool                    <mbp@samba.org>
Martti Rahkila                 <martti.rahkila@hut.fi>
Marty Lucich                   <marty@netcom.com>
Marty Pauley                   <marty+p5p@kasei.com>
Martyn Pearce                  <martyn@inpharmatica.co.uk>
Marvin Humphrey                <marvin@rectangular.com>
Masahiro KAJIURA               <masahiro.kajiura@toshiba.co.jp>
Mashrab Kuvatov                <kmashrab@uni-bremen.de>
Mathias Koerber                <mathias@dnssec1.singnet.com.sg>
Mathieu Arnold                 <m@absolight.fr>
Mats Peterson                  <mats@sm6sxl.net>
Matsumoto Yasuhiro             <mattn.jp@gmail.com>
Matt Johnson                   <matt.w.johnson@gmail.com>
Matt Kimball
Matt Kraai                     <kraai@ftbfs.org>
Matt S Trout                   <mst@shadowcat.co.uk>
Matt Sergeant                  <matt@sergeant.org>
Matt Taggart                   <taggart@debian.org>
Matt Turner                    <mattst88@gmail.com>
Matthew Black                  <black@csulb.edu>
Matthew Green                  <mrg@splode.eterna.com.au>
Matthew Horsfall               <wolfsage@gmail.com>
Matthew O. Persico             <matthew.persico@gmail.com>
Matthew Sachs                  <matthewg@zevils.com>
Matthew T Harden               <mthard@mthard1.monsanto.com>
Matthias Bethke                <matthias@towiski.de>
Matthias Ulrich Neeracher      <neeracher@mac.com>
Matthias Urlichs               <smurf@noris.net>
Matthijs van Duin              <xmath@cpan.org>
Mattia Barbon                  <mattia@barbon.org>
Maurizio Loreti                <maurizio.loreti@pd.infn.it>
Max Baker                      <max@warped.org>
Max Maischein                  <corion@corion.net>
Maxwell Carey                  <maxwellhaydn@gmail.com>
Merijn Broeren                 <merijnb@iloquent.nl>
Michael A Chase                <mchase@ix.netcom.com>
Michael Breen                  <perl@mbreen.com>
Michael Bunk                   <bunk@iat.uni-leipzig.de>
Michael Carman                 <mjcarman@home.com>
Michael Cartmell
Michael Cook                   <mcook@cognex.com>
Michael Cummings               <mcummings@gentoo.org>
Michael De La Rue              <mikedlr@tardis.ed.ac.uk>
Michael Engel                  <engel@nms1.cc.huji.ac.il>
Michael Fig                    <michael@liveblockauctions.com>
Michael G Schwern              <schwern@pobox.com>
Michael H. Moran               <mhm@austin.ibm.com>
Michael Haardt                 <michael@moria.de>
Michael King                   <mike808@users.sourceforge.net>
Michael Lemke                  <lemkemch@t-online.de>
Michael Mahan                  <mahanm@nextwork.rose-hulman.edu>
Michael Parker                 <michael.parker@st.com>
Michael Schroeder              <Michael.Schroeder@informatik.uni-erlangen.de>
Michael Somos                  <somos@grail.cba.csuohio.edu>
Michael Stevens                <mstevens@etla.org>
Michael van Elst               <mlelstv@serpens.de>
Michael Witten                 <mfwitten@gmail.com>
Michele Sardo
Michiel Beijen                 <mb@x14.nl>
Mik Firestone                  <fireston@lexmark.com>
Mike Doherty                   <mike@mikedoherty.ca>
Mike Fletcher                  <fletch@phydeaux.org>
Mike Fulton                    <mikefultonpersonal@gmail.com>
Mike Giroux                    <rmgiroux@acm.org>
Mike Guy                       <mjtg@cam.ac.uk>
Mike Heins                     <mike@bill.iac.net>
Mike Hopkirk                   <hops@sco.com>
Mike Kelly                     <pioto@pioto.org>
Mike Mestnik                   <MMestnik@rustconsulting.com>
Mike Pomraning                 <mjp@pilcrow.madison.wi.us>
Mike Rogers
Mike Schilli                   <m@perlmeister.com>
Mike Sheldrake                 <mike@sheldrake.net>
Mike Stok                      <mike@stok.co.uk>
Mike W Ellwood                 <mwe@rl.ac.uk>
Mikhail Zabaluev               <mhz@alt-linux.org>
Milosz Tanski                  <mtanski@gridapp.com>
Milton L. Hankins              <mlh@swl.msd.ray.com>
Misty De Meo                   <mistydemeo@github.com>
Mohammad S Anwar               <Mohammad.Anwar@yahoo.com>
Mohammed El-Afifi              <mohammed_elafifi@yahoo.com>
Moritz Lenz                    <moritz@casella.verplant.org>
Moshe Kaminsky                 <kaminsky@math.huji.ac.il>
Mottaqui Karim                 <taqqui.karim@gmail.com>
Mr. Nobody                     <mrnobo1024@yahoo.com>
Murray Nesbitt                 <murray@nesbitt.ca>
Nathan Glenn                   <garfieldnate@gmail.com>
Nathan Kurz                    <nate@valleytel.net>
Nathan Mills                   <38995150+quipyowert2@users.noreply.github.com>
Nathan Torkington              <gnat@frii.com>
Nathan Trapuzzano              <nbtrap@nbtrap.com>
Neale Ferguson                 <neale@VMA.TABNSW.COM.AU>
Neil Bowers                    <neilb@neilb.org>
Neil Watkiss                   <neil.watkiss@sophos.com>
Neil Williams                  <codehelp@debian.org>
Nga Tang Chan
Nicholas Clark                 <nick@ccl4.org>
Nicholas Oxhøj
Nicholas Perez                 <nperez@cpan.org>
Nick Cleaton                   <nick@cleaton.net>
Nick Duffek
Nick Gianniotis
Nick Ing-Simmons
Nick Johnston                  <nickjohnstonsky@gmail.com>
Nick Logan                     <ugexe@cpan.org>
Nick Williams                  <Nick.Williams@morganstanley.com>
Nicolas Kaiser                 <nikai@nikai.net>
Nicolas Mendoza                <mendoza@pvv.ntnu.no>
Nicolas R                      <atoomic@cpan.org>
Niels Thykier                  <niels@thykier.net>
Nigel Sandever                 <njsandever@hotmail.com>
Niklas Edmundsson
Niko Tyni                      <ntyni@debian.org>
Nikola Knezevic                <indy@tesla.rcub.bg.ac.yu>
Nikola Milutinovic
Nikolai Eipel                  <eipel@web.de>
Niyas Sait                     <niyas.sait@linaro.org>
Noah                           <sitz@onastick.net>
Nobuhiro Iwamatsu
Noirin Shirley                 <colmsbook@nerdchic.net>
Norbert Pueschel               <pueschel@imsdd.meb.uni-bonn.de>
Norio Suzuki                   <kipp@shonanblue.ne.jp>
Norman Koch                    <kochnorman@rocketmail.com>
Norton T. Allen                <allen@huarp.harvard.edu>
Nuno Carvalho                  <mestre.smash@gmail.com>
Offer Kaye                     <offer.kaye@gmail.com>
OKAIE Yutaka
Olaf Alders                    <olaf@wundersolutions.com>
Olaf Flebbe                    <o.flebbe@science-computing.de>
Olaf Titz                      <olaf@bigred.inka.de>
Oleg Nesterov                  <oleg@redhat.com>
Olivier Blin                   <blino@mandriva.com>
Olivier Mengué                 <dolmen@cpan.org>
Olivier Thauvin                <olivier.thauvin@aerov.jussieu.fr>
Olli Savia
Ollivier Robert                <roberto@keltia.freenix.fr>
Osvaldo Villalon               <ovillalon@dextratech.com>
Owain G. Ainsworth             <oga@nicotinebsd.org>
Owen Taylor                    <owt1@cornell.edu>
Pali                           <pali@cpan.org>
Papp Zoltan                    <padre@elte.hu>
parv                           <parv@pair.com>
Pascal Rigaux                  <pixel@mandriva.com>
Patrick Donelan                <pat@patspam.com>
Patrick Dugnolle               <patrick.dugnolle@bnpparibas.com>
Patrick Hayes                  <Patrick.Hayes.CAP_SESA@renault.fr>
Patrick O'Brien                <pdo@cs.umd.edu>
Patrik Hägglund                <patrik.h.hagglund@ericsson.com>
Pau Amma                       <pauamma@gundo.com>
Paul A Sand                    <pas@unh.edu>
Paul Boven                     <p.boven@sara.nl>
Paul David Fardy               <pdf@morgan.ucs.mun.ca>
Paul de Weerd
Paul Eggert                    <eggert@twinsun.com>
Paul Evans                     <leonerd@leonerd.org.uk>
Paul Fenwick                   <pjf@perltraining.com.au>
Paul Gaborit                   <paul.gaborit@enstimac.fr>
Paul Green                     <Paul.Green@stratus.com>
Paul Hoffman                   <phoffman@proper.com>
Paul Holser                    <Paul.Holser.pholser@nortelnetworks.com>
Paul Johnson                   <paul@pjcj.net>
Paul Lindner                   <lindner@inuus.com>
Paul Marquess                  <pmqs@cpan.org>
Paul Moore                     <Paul.Moore@uk.origin-it.com>
Paul Rogers                    <Paul.Rogers@Central.Sun.COM>
Paul Saab                      <ps@yahoo-inc.com>
Paul Schinder                  <schinder@pobox.com>
Paul Szabo                     <psz@maths.usyd.edu.au>
Pavel Kaňkovský                <kan@dcit.cz>
Pavel Zakouril                 <Pavel.Zakouril@mff.cuni.cz>
Pedro Felipe Horrillo Guerra   <pancho@pancho.name>
Per Einar Ellefsen             <per.einar@skynet.be>
Perlover                       <perlover@perlover.com>
Petar-Kaleychev                <87611976+Petar-Kaleychev@users.noreply.github.com>
Pete Houston                   <githubdevteam@openstrike.co.uk>
Pete Peterson                  <petersonp@genrad.com>
Peter Avalos                   <peter@theshell.com>
Peter BARABAS
Peter Chines                   <pchines@nhgri.nih.gov>
Peter Dintelmann               <peter.dintelmann@dresdner-bank.com>
Peter E. Yee                   <yee@trident.arc.nasa.gov>
Peter Eisentraut               <peter@eisentraut.org>
Peter Gessner                  <peter.gessner@post.rwth-aachen.de>
Peter Gordon                   <peter@valor.com>
Peter Haworth                  <pmh@edison.ioppublishing.com>
Peter J. Acklam
Peter J. Farley III            <pjfarley@banet.net>
Peter J. Holzer                <hjp@hjp.at>
Peter Jaspers-Fayer
Peter John Acklam              <pjacklam@online.no>
Peter Levine                   <plevine457@gmail.com>
Peter Liscovius
Peter Martini                  <PeterCMartini@GMail.com>
Peter O'Gorman                 <peter@pogma.com>
Peter Oliver                   <git@mavit.org.uk>
Peter Prymmer                  <PPrymmer@factset.com>
Peter Rabbitson                <ribasushi@cpan.org>
Peter Scott                    <Peter@PSDT.com>
Peter Valdemar Mørch           <pm@capmon.dk>
Peter van Heusden              <pvh@junior.uwc.ac.za>
Peter Wolfe                    <wolfe@teloseng.com>
Petr Písař                     <ppisar@redhat.com>
Petter Reinholdtsen            <pere@hungry.com>
Phil Lobbes                    <phil@perkpartners.com>
Phil Monsen                    <philip.monsen@pobox.com>
Phil Pearl (Lobbes)            <plobbes@gmail.com>
Philip Boulain                 <philip.boulain@smoothwall.net>
Philip Guenther                <guenther@openbsd.org>
Philip Hazel                   <ph10@cus.cam.ac.uk>
Philip M. Gollucci             <pgollucci@p6m7g8.com>
Philip Newton                  <pne@cpan.org>
Philippe Bruhat (BooK)         <book@cpan.org>
Philippe M. Chiasson           <gozer@ActiveState.com>
Pierre Bogossian               <bogossian@mail.com>
Piers Cawley                   <pdcawley@bofh.org.uk>
Pino Toscano                   <pino@debian.org>
Piotr Fusik                    <pfusik@op.pl>
Piotr Klaban                   <makler@oryl.man.torun.pl>
Piotr Roszatycki               <piotr.roszatycki@gmail.com>
Pip Cet                        <pipcet@gmail.com>
Pradeep Hodigere               <phodigere@yahoo.com>
Pravus                         <pravus@cpan.org>
Premchai                       <premchai21@yahoo.com>
Prymmer/Kahn                   <pvhp@best.com>
pxm                            <pxm@nubz.org>
Quentin Fennessy               <quentin@arrakeen.amd.com>
Radu Greab                     <radu@netsoft.ro>
raf                            <raf@tradingpost.com.au>
Rafael Garcia-Suarez           <rgs@consttype.org>
Rainer Keuchel                 <keuchel@allgeier.com>
Rainer Orth                    <ro@TechFak.Uni-Bielefeld.DE>
Rainer Tammer                  <tammer@tammer.net>
raiph                          @raiph
Rajesh Mandalemula             <rajesh.mandalemula@deshaw.com>
Rajesh Vaidheeswarran          <rv@gnu.org>
Ralf S. Engelschall            <rse@engelschall.com>
Randal L. Schwartz             <merlyn@stonehenge.com>
Randall Gellens                <randy@qualcomm.com>
Randolf Werner                 <randolf.werner@sap.com>
Randy J. Ray                   <rjray@redhat.com>
Randy Stauner                  <rwstauner@cpan.org>
Randy W. Sims
Raphael Manfredi               <Raphael.Manfredi@pobox.com>
Raul Dias                      <raul@dias.com.br>
Raymund Will                   <ray@caldera.de>
Redvers Davies                 <red@criticalintegration.com>
Reini Urban                    <rurban@cpan.org>
Renee Baecker                  <info@perl-services.de>
Reuben Thomas                  <rrt@sc3d.org>
Rex Dieter                     <rdieter@math.unl.edu>
Rhesa Rozendaal                <perl@rhesa.com>
Ricardo Signes                 <rjbs@semiotic.systems>
Rich Morin                     <rdm@cfcl.com>
Rich Rauenzahn                 <rrauenza@hp.com>
Rich Salz                      <rsalz@bbn.com>
Richard A. Wells               <Rwells@uhs.harvard.edu>
Richard Beckett
Richard Clamp                  <richardc@unixbeard.net>
Richard Foley                  <richard.foley@rfi.net>
Richard Hatch                  <rhatch@austin.ibm.com>
Richard Hitt                   <rbh00@utsglobal.com>
Richard Kandarian              <richard.kandarian@lanl.gov>
Richard L. England             <richard_england@mentorg.com>
Richard L. Maus, Jr.           <rmaus@monmouth.com>
Richard Leach                  <rich+perl@hyphen-dash-hyphen.info>
Richard Levitte                <levitte@openssl.org>
Richard Möhn                   <richard.moehn@fu-berlin.de>
Richard Ohnemus                <richard_ohnemus@dallas.csd.sterling.com>
Richard Soderberg              <p5-authors@crystalflame.net>
Richard Yeh                    <rcyeh@cco.caltech.edu>
Rick Delaney                   <rick@consumercontact.com>
Rick Pluta
Rick Smith                     <ricks@sd.znet.com>
Rickard Westman
Risto Kankkunen
Rob Brown                      <bbb@cpan.org>
Rob Henderson                  <robh@cs.indiana.edu>
Rob Hoelz                      <rob@hoelz.ro>
Rob Napier                     <rnapier@employees.org>
Robert May                     <robertmay@cpan.org>
Robert Millan                  <rmh@debian.org>
Robert Partington              <rjp@riffraff.plig.net>
Robert Rothenberg              <rrwo@cpan.org>
Robert Sanders                 <Robert.Sanders@linux.org>
Robert Sebastian Gerus         <arachnist@gmail.com>
Robert Spier                   <rspier@pobox.com>
Roberto C. Sanchez             <roberto@connexer.com>
Robin Barker                   <RMBarker@cpan.org>
Robin Houston                  <robin@cpan.org>
Rocco Caputo                   <troc@netrus.net>
Roderick Schertler             <roderick@argon.org>
Rodger Anderson                <rodger@boi.hp.com>
Rodolfo Carvalho               <rhcarvalho@gmail.com>
Romano                         <unobe@cpan.org>
Ronald F. Guilmette            <rfg@monkeys.com>
Ronald J. Kimball              <rjk@linguist.dartmouth.edu>
Ronald Schmidt                 <RonaldWS@aol.com>
Rostislav Skudnov              <skrostislav@gmail.com>
Ruben Schattevoy               <schattev@imb-jena.de>
Rudolph Todd Maceyko           <rm55+@pitt.edu>
Rujith S. de Silva             <desilva@netbox.com>
Ruslan Zakirov                 <ruz@bestpractical.com>
Russ Allbery                   <rra@stanford.edu>
Russel O'Connor                <roconnor@world.std.com>
Russell Fulton                 <russell@ccu1.auckland.ac.nz>
Russell Mosemann               <mose@ccsn.edu>
Ryan Herbert                   <rherbert@sycamorehq.com>
Ryan Voots                     <simcop2387@simcop2387.info>
Salvador Fandiño               <sfandino@yahoo.com>
Salvador Ortiz Garcia          <sog@msg.com.mx>
Sam Kimbrel                    <kimbrel@me.com>
Sam Tregar                     <sam@tregar.com>
Sam Vilain                     <sam@vilain.net>
Samanta Navarro                <ferivoz@riseup.net>
Samuel Smith                   <esaym@cpan.org>
Samuel Thibault                <sthibault@debian.org>
Samuli Kärkkäinen              <skarkkai@woods.iki.fi>
Santtu Ojanperä                <santtuojanpera98@gmail.com>
Sascha Blank
Sawyer X                       <xsawyerx@cpan.org>
Schuyler Erle                  <schuyler@oreilly.com>
Scott A Crosby                 <scrosby@cs.rice.edu>
Scott Baker                    <scott@perturb.org>
Scott Bronson                  <bronson@rinspin.com>
Scott Gifford                  <sgifford@tir.com>
Scott Henry                    <scotth@sgi.com>
Scott L. Miller                <Scott.L.Miller@Compaq.com>
Scott Lanning                  <lannings@who.int>
Scott Wiersdorf                <scott@perlcode.org>
Sean Boudreau                  <seanb@qnx.com>
Sean Dague                     <sean@dague.net>
Sean Davis                     <dive@ender.com>
Sean M. Burke                  <sburke@cpan.org>
Sean Robinson                  <robinson_s@sc.maricopa.edu>
Sean Sheedy                    <seans@ncube.com>
Sebastian Schmidt              <yath@yath.de>
Sebastian Steinlechner         <steinlechner@gmx.net>
Sebastian Wittmeier            <Sebastian.Wittmeier@ginko.de>
Sebastien Barre                <Sebastien.Barre@utc.fr>
Sergey Alekseev                <varnie29a@mail.ru>
Sergey Aleynikov               <sergey.aleynikov@gmail.com>
Sergey Poznyakoff              <gray@gnu.org>
Sergey Skvortsov
Sergey Zhmylove                <zhmylove@narod.ru>
Sergiy Borodych                <bor@cpan.org>
Sevan Janiyan                  <venture37@geeklan.co.uk>
Shawn                          <svicalifornia@gmail.com>
Shawn Boyette
Shawn M Moore                  <sartak@gmail.com>
Sherm Pendley                  <sherm@dot-app.org>
Shigeya Suzuki                 <shigeya@wide.ad.jp>
Shimpei Yamashita              <shimpei@socrates.patnet.caltech.edu>
Shinya Hayakawa                <hayakawa@livedoor.jp>
Shirakata Kentaro              <argrath@ub32.org>
Shishir Gundavaram             <shishir@ruby.ora.com>
Shlomi Fish                    <shlomif@cpan.org>
Shoichi Kaji                   <skaji@cpan.org>
Sidney Markowitz               <sidney@sidney.com>
Simon Cozens                   <simon@netthink.co.uk>
Simon Glover                   <scog@roe.ac.uk>
Simon Leinen
Simon Parsons                  <S.Parsons@ftel.co.uk>
Simon Schubert                 <corecode@fs.ei.tum.de>
Sisyphus                       <sisyphus@cpan.org>
Sizhe Zhao                     <prc.zhao@outlook.com>
Slaven Rezic                   <slaven@rezic.de>
Smylers                        <smylers@stripey.com>
Solar Designer                 <solar@openwall.com>
Spider Boardman                <spider@orb.nashua.nh.us>
Spiros Denaxas                 <s.denaxas@gmail.com>
Sreeji K Das                   <sreeji_k@yahoo.com>
Stanislaw Pusep                <stas@sysd.org>
Stas Bekman                    <stas@stason.org>
Stefan Seifert                 <nine@detonation.org>
Steffen Müller                 <smueller@cpan.org>
Steffen Schwigon               <ss5@renormalist.net>
Steffen Ullrich                <coyote.frank@gmx.net>
Stepan Kasal                   <skasal@redhat.com>
Stephanie Beals                <bealzy@us.ibm.com>
Stephen Bennett                <sbp@exherbo.com>
Stephen Clouse                 <stephenc@theiqgroup.com>
Stephen McCamant               <smcc@mit.edu>
Stephen O. Lidie               <lusol@turkey.cc.Lehigh.EDU>
Stephen Oberholtzer            <oliverklozoff@gmail.com>
Stephen P. Potter              <spp@ds.net>
Stephen Zander                 <gibreel@pobox.com>
Stevan Little                  <stevan@cpan.org>
Steve A Fink                   <sfink@cs.berkeley.edu>
Steve Grazzini                 <grazz@pobox.com>
Steve Hay                      <steve.m.hay@googlemail.com>
Steve Kelem                    <steve.kelem@xilinx.com>
Steve McDougall                <swmcd@world.std.com>
Steve Nielsen                  <spn@enteract.com>
Steve Pearlmutter
Steve Peters                   <steve@fisharerojo.org>
Steve Purkis                   <Steve.Purkis@multimap.com>
Steve Vinoski
Steven Hirsch                  <hirschs@btv.ibm.com>
Steven Humphrey                <catchperl@33k.co.uk>
Steven Knight                  <knight@theopera.baldmt.citilink.com>
Steven Morlock                 <newspost@morlock.net>
Steven N. Hirsch               <hirschs@stargate.btv.ibm.com>
Steven Parkes                  <parkes@sierravista.com>
Steven Schubiger               <schubiger@cpan.org>
Stian Seeberg                  <sseeberg@nimsoft.no>
Stéphane Payrard               <stef@mongueurs.net>
Sullivan Beck                  <sbeck@cpan.org>
Sven Kirmess                   <sven.kirmess@kzone.ch>
Sven Strickroth                <sven.strickroth@tu-clausthal.de>
Sven Verdoolaege               <skimo@breughel.ufsia.ac.be>
Svyatoslav                     <razmyslov@viva64.com>
syber                          <syber@crazypanda.ru>
SynaptiCAD, Inc.               <sales@syncad.com>
Sébastien Aperghis-Tramoni     <sebastien@aperghis.net>
Sérgio Durigan Júnior          <sergiodj@linux.vnet.ibm.com>
Tadeusz Sośnierz               <tadeusz.sosnierz@onet.pl>
TAKAI Kousuke                  <62541129+t-a-k@users.noreply.github.com>
Takis Psarogiannakopoulos      <takis@xfree86.org>
Taro KAWAGISHI
Tassilo von Parseval           <tassilo.parseval@post.rwth-aachen.de>
Tatsuhiko Miyagawa             <miyagawa@bulknews.net>
Ted Ashton                     <ashted@southern.edu>
Ted Law                        <tedlaw@cibcwg.com>
Tels                           <nospam-abuse@bloodgate.com>
Teun Burgers                   <burgers@ecn.nl>
Thad Floryan                   <thad@thadlabs.com>
Theo Buehler                   <theo@math.ethz.ch>
Thibault Duponchelle           <thibault.duponchelle@gmail.com>
Thomas Bowditch                <bowditch@inmet.com>
Thomas Conté                   <tom@fr.uu.net>
Thomas Dorner                  <Thomas.Dorner@start.de>
Thomas Kofler
Thomas König
Thomas Pfau                    <pfau@nbpfaus.net>
Thomas Sibley                  <tsibley@cpan.org>
Thomas Wegner                  <wegner_thomas@yahoo.com>
Thorsten Glaser                <tg@mirbsd.org>
Tim Adye                       <T.J.Adye@rl.ac.uk>
Tim Ayers                      <tayers@bridge.com>
Tim Bunce                      <tim.bunce@pobox.com>
Tim Conrow                     <tim@spindrift.srl.caltech.edu>
Tim Freeman                    <tfreeman@infoseek.com>
Tim Jenness                    <tjenness@cpan.org>
Tim Mooney                     <mooney@dogbert.cc.ndsu.NoDak.edu>
Tim Sweetman                   <tim@aldigital.co.uk>
Tim Witham                     <twitham@pcocd2.intel.com>
Timothe Litt                   <litt@acm.org>
Timur I. Bakeyev               <bsdi@listserv.bat.ru>
Tina Müller                    <cpan2@tinita.de>
Tkil                           <tkil@reptile.scrye.com>
Tobias Leich                   <email@froggs.de>
Toby Inkster                   <mail@tobyinkster.co.uk>
Todd C. Miller                 <Todd.Miller@courtesan.com>
Todd Rinaldo                   <toddr@cpan.org>
Todd T. Fries                  <todd@fries.int.mrleng.com>
Todd Vierling                  <tv@duh.org>
Tokuhiro Matsuno               <tokuhirom@gmail.com>
Tom Bates                      <tom_bates@att.net>
Tom Brown                      <thecap@peach.ece.utexas.edu>
Tom Callaway
Tom Christiansen               <tchrist@perl.com>
Tom Dinger
Tom Horsley                    <Tom.Horsley@mail.ccur.com>
Tom Hughes                     <tom@compton.nu>
Tom Hukins                     <tom@eborcom.com>
Tom Phoenix                    <rootbeer@teleport.com>
Tom Spindler                   <dogcow@isi.net>
Tom Stellard                   <tstellar@redhat.com>
Tom Wyant                      <wyant@cpan.org>
Tomasz Konojacki               <me@xenu.pl>
Tomoyuki Sadahiro              <BQW10602@nifty.com>
Ton Hospel                     <cpan@ton.iguana.be>
Tony Bowden                    <tony@kasei.com>
Tony Camas
Tony Cook                      <tony@develop-help.com>
Tony Sanders                   <sanders@bsdi.com>
Tor Lillqvist                  <tml@hemuli.tte.vtt.fi>
Torsten Foertsch               <torsten.foertsch@gmx.net>
Torsten Schönfeld              <kaffeetisch@gmx.de>
Trevor Blackwell               <tlb@viaweb.com>
Tsutomu IKEGAMI                <t-ikegami@aist.go.jp>
Tsuyoshi Watanabe              <twata_1@yahoo.co.jp>
Tuomas J. Lukka                <tjl@lukka.student.harvard.edu>
Tye McQueen                    <tye@metronet.com>
Ulrich Habel                   <rhaen@NetBSD.org>
Ulrich Kunitz                  <kunitz@mai-koeln.com>
Ulrich Pfeifer                 <pfeifer@wait.de>
Unicode Consortium             <unicode.org>
Vadim Konovalov                <vkonovalov@lucent.com>
Valeriy E. Ushakov             <uwe@ptc.spbu.ru>
VanL                           <van@scratch.space>
Vernon Lyon                    <vlyon@cpan.org>
Vickenty Fesunov               <kent@setattr.net>
Victor Adam                    <victor@drawall.cc>
Victor Efimov                  <victor@vsespb.ru>
Viktor Turskyi                 <koorchik@gmail.com>
Ville Skyttä                   <scop@cs132170.pp.htv.fi>
Vincent Pit                    <perl@profvince.com>
Vishal Bhatia                  <vishal@deja.com>
Vitali Peil                    <vitali.peil@uni-bielefeld.de>
vividsnow                      <vividsnow@gmail.com>
Vlad Harchev                   <hvv@hippo.ru>
Vladimir Alexiev               <vladimir@cs.ualberta.ca>
Vladimir Marek                 <vlmarek@volny.cz>
Vladimir Timofeev              <vovkasm@gmail.com>
Volker Schatz                  <perldoc@volkerschatz.com>
vsfos                          <vsfos@foxmail.com>
W. Geoffrey Rommel             <grommel@sears.com>
W. Phillip Moore               <wpm@ms.com>
Wallace Reis                   <wreis@cpan.org>
Walt Mankowski                 <waltman@pobox.com>
Walter Briscoe                 <w.briscoe@ponl.com>
Warren Hyde                    <whyde@pezz.sps.mot.com>
Warren Jones                   <wjones@tc.fluke.com>
Wayne Berke                    <berke@panix.com>
Wayne Scott                    <wscott@ichips.intel.com>
Wayne Thompson                 <Wayne.Thompson@Ebay.sun.com>
Wilfredo Sánchez               <wsanchez@mit.edu>
William J. Middleton           <William.Middleton@oslo.mobil.telenor.no>
William Mann                   <wmann@avici.com>
William Middleton              <wmiddlet@adobe.com>
William R Ward                 <hermit@BayView.COM>
William Setzer                 <William_Setzer@ncsu.edu>
William Williams               <biwillia@cisco.com>
William Yardley                <perlbug@veggiechinese.net>
Wilson P. Snyder II
Winfried König                 <win@in.rhein-main.de>
Wolfgang Laun                  <Wolfgang.Laun@alcatel.at>
Wolfram Humann                 <w.c.humann@arcor.de>
Xavier Noria                   <fxn@hashref.com>
YAMASHINA Hio                  <hio@ymir.co.jp>
Yaroslav Kuzmin                <ykuzmin@rocketsoftware.com>
Yary Hluchan
Yasushi Nakajima               <sey@jkc.co.jp>
Yitzchak Scott-Thoennes        <sthoenna@efn.org>
Yutaka OIWA                    <oiwa@is.s.u-tokyo.ac.jp>
Yutaka OKAIE
Yutao Feng
Yuval Kogman                   <nothingmuch@woobling.org>
Yves Orton                     <demerphq@gmail.com>
Zachary Miller                 <zcmiller@simon.er.usgs.gov>
Zachary Storer                 <zacts.3.14159@gmail.com>
Zak B. Elep                    <zakame@zakame.net>
Zakariyya Mughal               <zmughal@cpan.org>
Zbynek Vyskovsky               <kvr@centrum.cz>
Zefram                         <zefram@fysh.org>
Zsbán Ambrus                   <ambrus@math.bme.hu>
Ævar Arnfjörð Bjarmason        <avar@cpan.org>
Михаил Козачков                <mchlkzch@gmail.com>
小鸡                             <345865759@163.com>
